A_wins,B_wins,C_wins,z_A,z_B,z_C
9610,1270,808,0.8129109149974176,-0.36979753107482266,-0.4431133839225943
