A_wins,B_wins,C_wins,z_A,z_B,z_C
9921,1320,482,0.9682526175192196,-0.37880135545243127,-0.5894512620667881
