A_wins,C_wins,B_wins,z_A,z_B,z_C
10014,887,787,0.9916024370337108,-0.50393183187086,-0.48767060516285066
