A_wins,B_wins,C_wins,z_A,z_B,z_C
10242,838,608,1.0311455773570797,-0.48124291694192345,-0.5499026604151567
