A_wins,B_wins,C_wins,z_A,z_B,z_C
9752,1354,582,0.9929042318350894,-0.4124419964666688,-0.5804622353684203
