A_wins,B_wins,C_wins,z_A,z_B,z_C
5995,4761,932,0.3938925485898476,0.14034686714652397,-0.5342394157363717
