A_wins,C_wins,B_wins,z_A,z_B,z_C
10243,723,722,1.0124343949117616,-0.5085047564930143,-0.503929638418747
