A_wins,B_wins,C_wins,z_A,z_B,z_C
6611,3711,1401,0.546101646098338,-0.09424412249665726,-0.45185752360168163
