A_wins,B_wins,C_wins,z_A,z_B,z_C
9856,1336,531,0.8977181197694132,-0.35757288442736257,-0.5401452353420504
