A_wins,B_wins,C_wins,z_A,z_B,z_C
9754,1235,699,0.8548600125220736,-0.3660264597563269,-0.4888335527657462
