A_wins,B_wins,C_wins,z_A,z_B,z_C
9401,1715,572,0.8733315754561287,-0.2920929770165369,-0.5812385984395922
