A_wins,B_wins,C_wins,z_A,z_B,z_C
10602,651,435,0.620187422067775,-0.28197981354487,-0.33820760852290516
