A_wins,B_wins,C_wins,z_A,z_B,z_C
10496,878,349,0.20436926353540683,-0.08339005972405146,-0.12097920381135525
