A_wins,B_wins,C_wins,z_A,z_B,z_C
10694,616,378,1.0837303892491585,-0.4792751108049724,-0.6044552784441867
