A_wins,B_wins,C_wins,z_A,z_B,z_C
9331,1843,549,0.8033751044278793,-0.230637278367079,-0.5727378260608005
