A_wins,B_wins,C_wins,z_A,z_B,z_C
8678,2300,710,0.6739668422070025,-0.14628273058998065,-0.5276841116170206
