A_wins,B_wins,C_wins,z_A,z_B,z_C
8686,2302,700,0.6731557935043738,-0.14745299453268013,-0.5257027989716928
