A_wins,B_wins,C_wins,z_A,z_B,z_C
10219,1011,458,1.014569437791392,-0.39869910550957177,-0.6158703322818204
