A_wins,B_wins,C_wins,z_A,z_B,z_C
10297,950,476,1.0165984439385523,-0.41370104930766316,-0.6028973946308889
