A_wins,B_wins,C_wins,z_A,z_B,z_C
10606,684,398,0.1763931640923057,-0.07863788080454534,-0.09775528328776026
